Segment,count,sum,mean
At Risk,643,1011886.37,1573.6957542768273
Champions,497,4395220.13,8843.501267605634
Lost Customers,2167,1262541.972,582.6220452238117
Loyal Customers,1027,2091418.181,2036.4344508276536
